test.0623042093.velcl@gmail.com,male,17742,Bob,active
test.4044769065.jtjsk@gmail.com,male,17666,Bob,active
test.0339821511.ywrbr@gmail.com,male,17621,Bob,active
test.9405902744.qmimj@gmail.com,male,17370,Bob,active
sumitra_shah@rempel.biz,male,3055,Alice,inactive
aditya_deshpande@vonrueden.io,male,2903,Aditya Deshpande,active
bhooshan_bhattathiri@satterfield-williamson.io,male,2902,Bhooshan Bhattathiri,active
miss_gupta_manoj@cummerata.io,female,2898,Miss Manoj Gupta,inactive
asan_akshayakeerti_i@walsh.com,female,2896,Akshayakeerti Asan I,active
bhagvan_menon@kovacek.co,male,2895,Bhagvan Menon,active
dds_tandon_chitraksh@christiansen.co,male,2894,Chitraksh Tandon DDS,inactive
gowda_bhuvanesh@prohaska-aufderhar.com,male,2893,Bhuvanesh Gowda,active
patil_naval_phd@schuppe-hyatt.org,female,2892,Naval Patil PhD,inactive
dhawan_satish@feil.info,female,2891,Satish Dhawan,inactive
tanushree_marar@pollich.net,female,2890,Tanushree Marar,inactive
bhadrak_namboothiri@rutherford.biz,male,2889,Bhadrak Namboothiri,inactive
mangala_kaul@fisher-kiehn.info,male,2888,Mangala Kaul,inactive
vasudev_talwar_i@spinka.name,male,2887,Vasudev Talwar I,inactive
bandopadhyay_sharmila@lemke.io,male,2886,Sharmila Bandopadhyay,active
ahuja_anuja@blick-brekke.name,female,2885,Anuja Ahuja,active
